---
--------------------------------------------------------
--  DDL for Table ACTIVIDAD_COLABORADOR
--------------------------------------------------------

  CREATE TABLE "PRODUCTIVIDAD"."ACTIVIDAD_COLABORADOR" 
   (  "ID_ACTV_COLA" NUMBER(10,0), 
  "ID_COLABORADOR" NUMBER(10,0), 
  "ID_PROYECTO" NUMBER(10,0), 
  "TI_ACTIVIDAD" CHAR(1 BYTE), 
  "FE_INICIO" DATE, 
  "FE_FIN" DATE, 
  "TO_TIEMPO" NUMBER(10,4)
   ) SEGMENT CREATION IMMEDIATE 
  PCTFREE 10 PCTUSED 40 INITRANS 1 MAXTRANS 255 NOCOMPRESS LOGGING
  STORAGE(INITIAL 65536 NEXT 1048576 MINEXTENTS 1 MAXEXTENTS 2147483645
  PCTINCREASE 0 FREELISTS 1 FREELIST GROUPS 1 BUFFER_POOL DEFAULT FLASH_CACHE DEFAULT CELL_FLASH_CACHE DEFAULT)
  TABLESPACE "TBS_PRODUCTIVIDAD_DAT" ;
--------------------------------------------------------
--  DDL for Table ASIGNACION_TRABAJO
--------------------------------------------------------

  CREATE TABLE "PRODUCTIVIDAD"."ASIGNACION_TRABAJO" 
   (  "ID_ASIGNACION" NUMBER(10,0), 
  "ID_COLABORADOR" NUMBER(10,0), 
  "ID_TECNOLOGIA" NUMBER(10,0), 
  "ID_COMPONENTE" NUMBER(10,0), 
  "ID_HERRAMIENTA" NUMBER(10,0), 
  "UP" VARCHAR2(10 BYTE), 
  "FE_INICIO" DATE, 
  "HO_ESTIMADA" NUMBER(10,4), 
  "IN_COMPLEJIDAD" CHAR(1 BYTE), 
  "TI_PROCESO" CHAR(1 BYTE), 
  "TI_TAREA" CHAR(1 BYTE), 
  "HO_DESARROLLO_REAL" NUMBER(10,4), 
  "CA_COMPONENTE" NUMBER(10,4), 
  "HO_MODELO_ESTADISTICO" NUMBER(10,4), 
  "CA_COMPONENTE_UNITARIO" NUMBER(10,4), 
  "HO_BRECHA_PRODUCTIVIDAD" NUMBER(10,4), 
  "HO_EFICIENCIA" NUMBER(10,4), 
  "TX_OBSERVACION" VARCHAR2(100 BYTE), 
  "ST_ASIGNACION" CHAR(1 BYTE)
   ) SEGMENT CREATION IMMEDIATE 
  PCTFREE 10 PCTUSED 40 INITRANS 1 MAXTRANS 255 NOCOMPRESS LOGGING
  STORAGE(INITIAL 65536 NEXT 1048576 MINEXTENTS 1 MAXEXTENTS 2147483645
  PCTINCREASE 0 FREELISTS 1 FREELIST GROUPS 1 BUFFER_POOL DEFAULT FLASH_CACHE DEFAULT CELL_FLASH_CACHE DEFAULT)
  TABLESPACE "TBS_PRODUCTIVIDAD_DAT" ;
--------------------------------------------------------
--  DDL for Table COLABORADOR
--------------------------------------------------------

  CREATE TABLE "PRODUCTIVIDAD"."COLABORADOR" 
   (  "ID_COLABORADOR" NUMBER(10,0), 
  "AP_PATERNO" VARCHAR2(50 BYTE), 
  "AP_MATERNO" VARCHAR2(50 BYTE), 
  "NOMBRES" VARCHAR2(50 BYTE), 
  "ROL" CHAR(1 BYTE), 
  "TI_DOCUMENTO" CHAR(1 BYTE), 
  "NU_DOCUMENTO" VARCHAR2(15 BYTE), 
  "USUARIO" VARCHAR2(50 BYTE), 
  "PASSWORD" VARCHAR2(100 BYTE)
   ) SEGMENT CREATION IMMEDIATE 
  PCTFREE 10 PCTUSED 40 INITRANS 1 MAXTRANS 255 NOCOMPRESS LOGGING
  STORAGE(INITIAL 65536 NEXT 1048576 MINEXTENTS 1 MAXEXTENTS 2147483645
  PCTINCREASE 0 FREELISTS 1 FREELIST GROUPS 1 BUFFER_POOL DEFAULT FLASH_CACHE DEFAULT CELL_FLASH_CACHE DEFAULT)
  TABLESPACE "TBS_PRODUCTIVIDAD_DAT" ;
--------------------------------------------------------
--  DDL for Table COMPONENTE
--------------------------------------------------------

  CREATE TABLE "PRODUCTIVIDAD"."COMPONENTE" 
   (  "ID_COMPONENTE" NUMBER(10,0), 
  "NO_COMPONENTE" VARCHAR2(50 BYTE), 
  "IN_CATEGORIA" CHAR(1 BYTE)
   ) SEGMENT CREATION IMMEDIATE 
  PCTFREE 10 PCTUSED 40 INITRANS 1 MAXTRANS 255 NOCOMPRESS LOGGING
  STORAGE(INITIAL 65536 NEXT 1048576 MINEXTENTS 1 MAXEXTENTS 2147483645
  PCTINCREASE 0 FREELISTS 1 FREELIST GROUPS 1 BUFFER_POOL DEFAULT FLASH_CACHE DEFAULT CELL_FLASH_CACHE DEFAULT)
  TABLESPACE "TBS_PRODUCTIVIDAD_DAT" ;
--------------------------------------------------------
--  DDL for Table HERRAMIENTA
--------------------------------------------------------

  CREATE TABLE "PRODUCTIVIDAD"."HERRAMIENTA" 
   (  "ID_HERRAMIENTA" NUMBER(10,0), 
  "NO_HERRAMIENTA" VARCHAR2(50 BYTE)
   ) SEGMENT CREATION IMMEDIATE 
  PCTFREE 10 PCTUSED 40 INITRANS 1 MAXTRANS 255 NOCOMPRESS LOGGING
  STORAGE(INITIAL 65536 NEXT 1048576 MINEXTENTS 1 MAXEXTENTS 2147483645
  PCTINCREASE 0 FREELISTS 1 FREELIST GROUPS 1 BUFFER_POOL DEFAULT FLASH_CACHE DEFAULT CELL_FLASH_CACHE DEFAULT)
  TABLESPACE "TBS_PRODUCTIVIDAD_DAT" ;
--------------------------------------------------------
--  DDL for Table LENGUAJE
--------------------------------------------------------

  CREATE TABLE "PRODUCTIVIDAD"."LENGUAJE" 
   (  "ID_LENGUAJE" NUMBER(10,0), 
  "IN_TIPO" CHAR(1 BYTE), 
  "NO_LENGUAJE" VARCHAR2(50 BYTE)
   ) SEGMENT CREATION IMMEDIATE 
  PCTFREE 10 PCTUSED 40 INITRANS 1 MAXTRANS 255 NOCOMPRESS LOGGING
  STORAGE(INITIAL 65536 NEXT 1048576 MINEXTENTS 1 MAXEXTENTS 2147483645
  PCTINCREASE 0 FREELISTS 1 FREELIST GROUPS 1 BUFFER_POOL DEFAULT FLASH_CACHE DEFAULT CELL_FLASH_CACHE DEFAULT)
  TABLESPACE "TBS_PRODUCTIVIDAD_DAT" ;
--------------------------------------------------------
--  DDL for Table MOVIMIENTO
--------------------------------------------------------

  CREATE TABLE "PRODUCTIVIDAD"."MOVIMIENTO" 
   (  "ID_MOVIMIENTO" NUMBER(10,0), 
  "ID_ASIGNACION" NUMBER(10,0), 
  "ACCION" VARCHAR2(10 BYTE), 
  "FE_ACCION" DATE, 
  "ST_REGISTRO" CHAR(1 BYTE)
   ) SEGMENT CREATION IMMEDIATE 
  PCTFREE 10 PCTUSED 40 INITRANS 1 MAXTRANS 255 NOCOMPRESS LOGGING
  STORAGE(INITIAL 65536 NEXT 1048576 MINEXTENTS 1 MAXEXTENTS 2147483645
  PCTINCREASE 0 FREELISTS 1 FREELIST GROUPS 1 BUFFER_POOL DEFAULT FLASH_CACHE DEFAULT CELL_FLASH_CACHE DEFAULT)
  TABLESPACE "TBS_PRODUCTIVIDAD_DAT" ;
--------------------------------------------------------
--  DDL for Table PARAMETRO
--------------------------------------------------------

  CREATE TABLE "PRODUCTIVIDAD"."PARAMETRO" 
   (  "ID_PARAMETRO" VARCHAR2(10 BYTE), 
  "TI_PARAMETRO" VARCHAR2(10 BYTE), 
  "VL_PARAMETRO" VARCHAR2(50 BYTE), 
  "TX_DETALLE" VARCHAR2(50 BYTE)
   ) SEGMENT CREATION IMMEDIATE 
  PCTFREE 10 PCTUSED 40 INITRANS 1 MAXTRANS 255 NOCOMPRESS LOGGING
  STORAGE(INITIAL 65536 NEXT 1048576 MINEXTENTS 1 MAXEXTENTS 2147483645
  PCTINCREASE 0 FREELISTS 1 FREELIST GROUPS 1 BUFFER_POOL DEFAULT FLASH_CACHE DEFAULT CELL_FLASH_CACHE DEFAULT)
  TABLESPACE "TBS_PRODUCTIVIDAD_DAT" ;
--------------------------------------------------------
--  DDL for Table PROYECTO
--------------------------------------------------------

  CREATE TABLE "PRODUCTIVIDAD"."PROYECTO" 
   (  "ID_PROYECTO" NUMBER(10,0), 
  "NO_PROYECTO" VARCHAR2(50 BYTE)
   ) SEGMENT CREATION IMMEDIATE 
  PCTFREE 10 PCTUSED 40 INITRANS 1 MAXTRANS 255 NOCOMPRESS LOGGING
  STORAGE(INITIAL 65536 NEXT 1048576 MINEXTENTS 1 MAXEXTENTS 2147483645
  PCTINCREASE 0 FREELISTS 1 FREELIST GROUPS 1 BUFFER_POOL DEFAULT FLASH_CACHE DEFAULT CELL_FLASH_CACHE DEFAULT)
  TABLESPACE "TBS_PRODUCTIVIDAD_DAT" ;
--------------------------------------------------------
--  DDL for Table TECNOLOGIA
--------------------------------------------------------

  CREATE TABLE "PRODUCTIVIDAD"."TECNOLOGIA" 
   (  "ID_TECNOLOGIA" NUMBER(10,0), 
  "ID_LENGUAJE" NUMBER(10,0), 
  "IN_ESTANDAR" CHAR(1 BYTE), 
  "NO_TECNOLOGIA" VARCHAR2(50 BYTE)
   ) SEGMENT CREATION IMMEDIATE 
  PCTFREE 10 PCTUSED 40 INITRANS 1 MAXTRANS 255 NOCOMPRESS LOGGING
  STORAGE(INITIAL 65536 NEXT 1048576 MINEXTENTS 1 MAXEXTENTS 2147483645
  PCTINCREASE 0 FREELISTS 1 FREELIST GROUPS 1 BUFFER_POOL DEFAULT FLASH_CACHE DEFAULT CELL_FLASH_CACHE DEFAULT)
  TABLESPACE "TBS_PRODUCTIVIDAD_DAT" ;
--------------------------------------------------------
--  DDL for Table TECNOLOGIA_COMPONENTE
--------------------------------------------------------

  CREATE TABLE "PRODUCTIVIDAD"."TECNOLOGIA_COMPONENTE" 
   (  "ID_TECN_COMP" NUMBER(10,0), 
  "ID_TECNOLOGIA" NUMBER(10,0), 
  "ID_COLABORADOR" NUMBER(10,0), 
  "ID_HERRAMIENTA" NUMBER(10,0), 
  "TO_TIEMPO" NUMBER(10,0)
   ) SEGMENT CREATION IMMEDIATE 
  PCTFREE 10 PCTUSED 40 INITRANS 1 MAXTRANS 255 NOCOMPRESS LOGGING
  STORAGE(INITIAL 65536 NEXT 1048576 MINEXTENTS 1 MAXEXTENTS 2147483645
  PCTINCREASE 0 FREELISTS 1 FREELIST GROUPS 1 BUFFER_POOL DEFAULT FLASH_CACHE DEFAULT CELL_FLASH_CACHE DEFAULT)
  TABLESPACE "TBS_PRODUCTIVIDAD_DAT" ;

Insert into PRODUCTIVIDAD.COLABORADOR (ID_COLABORADOR,AP_PATERNO,AP_MATERNO,NOMBRES,ROL,TI_DOCUMENTO,NU_DOCUMENTO,USUARIO,PASSWORD) values (1,'OLIVARES',null,'CARMEN ','1','1','12345678','COLIVARES','40bd001563085fc35165329ea1ff5c5ecbdbbeef');
Insert into PRODUCTIVIDAD.COLABORADOR (ID_COLABORADOR,AP_PATERNO,AP_MATERNO,NOMBRES,ROL,TI_DOCUMENTO,NU_DOCUMENTO,USUARIO,PASSWORD) values (2,'ORDOÑEZ',null,'ROCÍO ','1','1','12345679','RORDONEZ','40bd001563085fc35165329ea1ff5c5ecbdbbeef');
Insert into PRODUCTIVIDAD.COLABORADOR (ID_COLABORADOR,AP_PATERNO,AP_MATERNO,NOMBRES,ROL,TI_DOCUMENTO,NU_DOCUMENTO,USUARIO,PASSWORD) values (3,'REATEGUI',null,'CARLOS ','1','1','12345680','CREATEGUI','40bd001563085fc35165329ea1ff5c5ecbdbbeef');
Insert into PRODUCTIVIDAD.COLABORADOR (ID_COLABORADOR,AP_PATERNO,AP_MATERNO,NOMBRES,ROL,TI_DOCUMENTO,NU_DOCUMENTO,USUARIO,PASSWORD) values (4,'MARTINEZ',null,'OLGA ','1','1','12345681','OMARTINEZ','40bd001563085fc35165329ea1ff5c5ecbdbbeef');
Insert into PRODUCTIVIDAD.COLABORADOR (ID_COLABORADOR,AP_PATERNO,AP_MATERNO,NOMBRES,ROL,TI_DOCUMENTO,NU_DOCUMENTO,USUARIO,PASSWORD) values (5,'QUESQUEN',null,'RICHARD ','1','1','12345682','RQUESQUEN','40bd001563085fc35165329ea1ff5c5ecbdbbeef');
Insert into PRODUCTIVIDAD.COLABORADOR (ID_COLABORADOR,AP_PATERNO,AP_MATERNO,NOMBRES,ROL,TI_DOCUMENTO,NU_DOCUMENTO,USUARIO,PASSWORD) values (6,'PFLUKER',null,'LUIS ','1','1','12345683','LPFLUKER','40bd001563085fc35165329ea1ff5c5ecbdbbeef');
Insert into PRODUCTIVIDAD.COLABORADOR (ID_COLABORADOR,AP_PATERNO,AP_MATERNO,NOMBRES,ROL,TI_DOCUMENTO,NU_DOCUMENTO,USUARIO,PASSWORD) values (7,' ANGLES',null,'LEYLA','1','1','12345684','LANGLES','40bd001563085fc35165329ea1ff5c5ecbdbbeef');
Insert into PRODUCTIVIDAD.COLABORADOR (ID_COLABORADOR,AP_PATERNO,AP_MATERNO,NOMBRES,ROL,TI_DOCUMENTO,NU_DOCUMENTO,USUARIO,PASSWORD) values (8,'ASTORAYME',null,'FREDY ','1','1','12345685','FASTORAYME','40bd001563085fc35165329ea1ff5c5ecbdbbeef');
Insert into PRODUCTIVIDAD.COLABORADOR (ID_COLABORADOR,AP_PATERNO,AP_MATERNO,NOMBRES,ROL,TI_DOCUMENTO,NU_DOCUMENTO,USUARIO,PASSWORD) values (9,' ROSARIO',null,'CÉSAR','1','1','12345686','CROSARIO','40bd001563085fc35165329ea1ff5c5ecbdbbeef');
Insert into PRODUCTIVIDAD.COLABORADOR (ID_COLABORADOR,AP_PATERNO,AP_MATERNO,NOMBRES,ROL,TI_DOCUMENTO,NU_DOCUMENTO,USUARIO,PASSWORD) values (10,'CIUDAD',null,'OSCAR ','1','1','12345687','OCIUDAD','40bd001563085fc35165329ea1ff5c5ecbdbbeef');
Insert into PRODUCTIVIDAD.COLABORADOR (ID_COLABORADOR,AP_PATERNO,AP_MATERNO,NOMBRES,ROL,TI_DOCUMENTO,NU_DOCUMENTO,USUARIO,PASSWORD) values (11,'YONG',null,'ANA ','1','1','12345688','AYONG','40bd001563085fc35165329ea1ff5c5ecbdbbeef');
Insert into PRODUCTIVIDAD.COLABORADOR (ID_COLABORADOR,AP_PATERNO,AP_MATERNO,NOMBRES,ROL,TI_DOCUMENTO,NU_DOCUMENTO,USUARIO,PASSWORD) values (12,'GUTIERREZ',null,'RENZO ','1','1','12345689','RGUTIERREZ','40bd001563085fc35165329ea1ff5c5ecbdbbeef');
Insert into PRODUCTIVIDAD.COLABORADOR (ID_COLABORADOR,AP_PATERNO,AP_MATERNO,NOMBRES,ROL,TI_DOCUMENTO,NU_DOCUMENTO,USUARIO,PASSWORD) values (13,'VALDIVIA',null,'FRANS ','1','1','12345690','FVALDIVIA','40bd001563085fc35165329ea1ff5c5ecbdbbeef');
Insert into PRODUCTIVIDAD.COLABORADOR (ID_COLABORADOR,AP_PATERNO,AP_MATERNO,NOMBRES,ROL,TI_DOCUMENTO,NU_DOCUMENTO,USUARIO,PASSWORD) values (14,'MORÁN',null,'JOSÉ ','1','1','12345691','JMORAN','40bd001563085fc35165329ea1ff5c5ecbdbbeef');
Insert into PRODUCTIVIDAD.COLABORADOR (ID_COLABORADOR,AP_PATERNO,AP_MATERNO,NOMBRES,ROL,TI_DOCUMENTO,NU_DOCUMENTO,USUARIO,PASSWORD) values (15,'WONG',null,'SANDRA ','1','1','12345692','SWONG','40bd001563085fc35165329ea1ff5c5ecbdbbeef');
Insert into PRODUCTIVIDAD.COLABORADOR (ID_COLABORADOR,AP_PATERNO,AP_MATERNO,NOMBRES,ROL,TI_DOCUMENTO,NU_DOCUMENTO,USUARIO,PASSWORD) values (16,'COBEÑAS',null,'DANITZA ','1','1','12345693','DCOBENAS','40bd001563085fc35165329ea1ff5c5ecbdbbeef');
Insert into PRODUCTIVIDAD.COLABORADOR (ID_COLABORADOR,AP_PATERNO,AP_MATERNO,NOMBRES,ROL,TI_DOCUMENTO,NU_DOCUMENTO,USUARIO,PASSWORD) values (17,'BARRIENTOS',null,'EDWIN ','1','1','12345694','EBARRIENTOS','40bd001563085fc35165329ea1ff5c5ecbdbbeef');
Insert into PRODUCTIVIDAD.COLABORADOR (ID_COLABORADOR,AP_PATERNO,AP_MATERNO,NOMBRES,ROL,TI_DOCUMENTO,NU_DOCUMENTO,USUARIO,PASSWORD) values (18,'LAY',null,'DARLIN ','1','1','12345695','DLAY','40bd001563085fc35165329ea1ff5c5ecbdbbeef');
Insert into PRODUCTIVIDAD.COLABORADOR (ID_COLABORADOR,AP_PATERNO,AP_MATERNO,NOMBRES,ROL,TI_DOCUMENTO,NU_DOCUMENTO,USUARIO,PASSWORD) values (19,'LLUNCOR',null,'JORGE','1','1','12345696','JLLUNCOR','40bd001563085fc35165329ea1ff5c5ecbdbbeef');
Insert into PRODUCTIVIDAD.COLABORADOR (ID_COLABORADOR,AP_PATERNO,AP_MATERNO,NOMBRES,ROL,TI_DOCUMENTO,NU_DOCUMENTO,USUARIO,PASSWORD) values (20,'GARCÍA',null,'JORGE ','1','1','12345697','JGARCIA','40bd001563085fc35165329ea1ff5c5ecbdbbeef');
Insert into PRODUCTIVIDAD.COLABORADOR (ID_COLABORADOR,AP_PATERNO,AP_MATERNO,NOMBRES,ROL,TI_DOCUMENTO,NU_DOCUMENTO,USUARIO,PASSWORD) values (21,'RÍOS',null,'OSCAR ','1','1','12345698','ORIOS','40bd001563085fc35165329ea1ff5c5ecbdbbeef');
Insert into PRODUCTIVIDAD.COLABORADOR (ID_COLABORADOR,AP_PATERNO,AP_MATERNO,NOMBRES,ROL,TI_DOCUMENTO,NU_DOCUMENTO,USUARIO,PASSWORD) values (22,'MEZONES',null,'GEORGE ','1','1','12345699','GMEZONES','40bd001563085fc35165329ea1ff5c5ecbdbbeef');
Insert into PRODUCTIVIDAD.COLABORADOR (ID_COLABORADOR,AP_PATERNO,AP_MATERNO,NOMBRES,ROL,TI_DOCUMENTO,NU_DOCUMENTO,USUARIO,PASSWORD) values (23,'TORRES',null,'MIRTHA ','1','1','12345700','MTORRES','40bd001563085fc35165329ea1ff5c5ecbdbbeef');
Insert into PRODUCTIVIDAD.COLABORADOR (ID_COLABORADOR,AP_PATERNO,AP_MATERNO,NOMBRES,ROL,TI_DOCUMENTO,NU_DOCUMENTO,USUARIO,PASSWORD) values (24,'GUZMÁN',null,'KAREN','1','1','12345701','KGUZMAN','40bd001563085fc35165329ea1ff5c5ecbdbbeef');
Insert into PRODUCTIVIDAD.COLABORADOR (ID_COLABORADOR,AP_PATERNO,AP_MATERNO,NOMBRES,ROL,TI_DOCUMENTO,NU_DOCUMENTO,USUARIO,PASSWORD) values (25,'CABRERA',null,'ALAN','1','1','12345702','ACABRERA','40bd001563085fc35165329ea1ff5c5ecbdbbeef');
Insert into PRODUCTIVIDAD.COLABORADOR (ID_COLABORADOR,AP_PATERNO,AP_MATERNO,NOMBRES,ROL,TI_DOCUMENTO,NU_DOCUMENTO,USUARIO,PASSWORD) values (26,'CUEVA',null,'DIEGO ','1','1','12345703','DCUEVA','40bd001563085fc35165329ea1ff5c5ecbdbbeef');
Insert into PRODUCTIVIDAD.COLABORADOR (ID_COLABORADOR,AP_PATERNO,AP_MATERNO,NOMBRES,ROL,TI_DOCUMENTO,NU_DOCUMENTO,USUARIO,PASSWORD) values (27,'LOZANO',null,'ALI ','1','1','12345704','ALOZANO','40bd001563085fc35165329ea1ff5c5ecbdbbeef');
Insert into PRODUCTIVIDAD.COLABORADOR (ID_COLABORADOR,AP_PATERNO,AP_MATERNO,NOMBRES,ROL,TI_DOCUMENTO,NU_DOCUMENTO,USUARIO,PASSWORD) values (28,'CRUZ',null,'EDUARDO ','1','1','12345705','ECRUZ','40bd001563085fc35165329ea1ff5c5ecbdbbeef');
Insert into PRODUCTIVIDAD.COLABORADOR (ID_COLABORADOR,AP_PATERNO,AP_MATERNO,NOMBRES,ROL,TI_DOCUMENTO,NU_DOCUMENTO,USUARIO,PASSWORD) values (29,'WONG',null,'HENRY ','1','1','12345706','HWONG','40bd001563085fc35165329ea1ff5c5ecbdbbeef');
Insert into PRODUCTIVIDAD.COLABORADOR (ID_COLABORADOR,AP_PATERNO,AP_MATERNO,NOMBRES,ROL,TI_DOCUMENTO,NU_DOCUMENTO,USUARIO,PASSWORD) values (30,'CERREÑO',null,'DENNIS ','1','1','12345707','DCERRENO','40bd001563085fc35165329ea1ff5c5ecbdbbeef');
Insert into PRODUCTIVIDAD.COLABORADOR (ID_COLABORADOR,AP_PATERNO,AP_MATERNO,NOMBRES,ROL,TI_DOCUMENTO,NU_DOCUMENTO,USUARIO,PASSWORD) values (31,'HUAMANI',null,'RUBÉN','1','1','12345708','RHUAMANI','40bd001563085fc35165329ea1ff5c5ecbdbbeef');
Insert into PRODUCTIVIDAD.COLABORADOR (ID_COLABORADOR,AP_PATERNO,AP_MATERNO,NOMBRES,ROL,TI_DOCUMENTO,NU_DOCUMENTO,USUARIO,PASSWORD) values (32,'GUEVARA',null,'LUIS ','1','1','12345709','LGUEVARA','40bd001563085fc35165329ea1ff5c5ecbdbbeef');
Insert into PRODUCTIVIDAD.COLABORADOR (ID_COLABORADOR,AP_PATERNO,AP_MATERNO,NOMBRES,ROL,TI_DOCUMENTO,NU_DOCUMENTO,USUARIO,PASSWORD) values (33,'BARRIOS',null,'ALFREDO','1','1','12345710','ABARRIOS','40bd001563085fc35165329ea1ff5c5ecbdbbeef');
Insert into PRODUCTIVIDAD.COLABORADOR (ID_COLABORADOR,AP_PATERNO,AP_MATERNO,NOMBRES,ROL,TI_DOCUMENTO,NU_DOCUMENTO,USUARIO,PASSWORD) values (34,'ARIAS',null,'RENATO ','1','1','12345711','RARIAS','40bd001563085fc35165329ea1ff5c5ecbdbbeef');
Insert into PRODUCTIVIDAD.COLABORADOR (ID_COLABORADOR,AP_PATERNO,AP_MATERNO,NOMBRES,ROL,TI_DOCUMENTO,NU_DOCUMENTO,USUARIO,PASSWORD) values (35,'MARTINEZ',null,'MIGUEL ','1','1','12345712','MMARTINEZ','40bd001563085fc35165329ea1ff5c5ecbdbbeef');
Insert into PRODUCTIVIDAD.COLABORADOR (ID_COLABORADOR,AP_PATERNO,AP_MATERNO,NOMBRES,ROL,TI_DOCUMENTO,NU_DOCUMENTO,USUARIO,PASSWORD) values (36,'CASTAÑEDA',null,'PEDRO ','1','1','12345713','PCASTANEDA','40bd001563085fc35165329ea1ff5c5ecbdbbeef');
Insert into PRODUCTIVIDAD.COLABORADOR (ID_COLABORADOR,AP_PATERNO,AP_MATERNO,NOMBRES,ROL,TI_DOCUMENTO,NU_DOCUMENTO,USUARIO,PASSWORD) values (37,'MONCADA',null,'JOSÉ','1','1','12345714','JMONCADA','40bd001563085fc35165329ea1ff5c5ecbdbbeef');
Insert into PRODUCTIVIDAD.COLABORADOR (ID_COLABORADOR,AP_PATERNO,AP_MATERNO,NOMBRES,ROL,TI_DOCUMENTO,NU_DOCUMENTO,USUARIO,PASSWORD) values (38,'ESPINOZA',null,'CÉSAR ','1','1','12345715','CESPINOZA','40bd001563085fc35165329ea1ff5c5ecbdbbeef');
Insert into PRODUCTIVIDAD.COLABORADOR (ID_COLABORADOR,AP_PATERNO,AP_MATERNO,NOMBRES,ROL,TI_DOCUMENTO,NU_DOCUMENTO,USUARIO,PASSWORD) values (39,'MONCADA',null,'CLODOALDO ','1','1','12345716','CMONCADA','40bd001563085fc35165329ea1ff5c5ecbdbbeef');
Insert into PRODUCTIVIDAD.COLABORADOR (ID_COLABORADOR,AP_PATERNO,AP_MATERNO,NOMBRES,ROL,TI_DOCUMENTO,NU_DOCUMENTO,USUARIO,PASSWORD) values (40,'FERNANDEZ',null,'EFRAÍN ','1','1','12345717','EFERNANDEZ','40bd001563085fc35165329ea1ff5c5ecbdbbeef');
Insert into PRODUCTIVIDAD.COLABORADOR (ID_COLABORADOR,AP_PATERNO,AP_MATERNO,NOMBRES,ROL,TI_DOCUMENTO,NU_DOCUMENTO,USUARIO,PASSWORD) values (41,'CERDA',null,'RUBÉN ','1','1','12345718','RCERDA','40bd001563085fc35165329ea1ff5c5ecbdbbeef');
Insert into PRODUCTIVIDAD.COLABORADOR (ID_COLABORADOR,AP_PATERNO,AP_MATERNO,NOMBRES,ROL,TI_DOCUMENTO,NU_DOCUMENTO,USUARIO,PASSWORD) values (42,'RODAS',null,'JOSÉ ','1','1','12345719','JRODAS','40bd001563085fc35165329ea1ff5c5ecbdbbeef');
Insert into PRODUCTIVIDAD.COLABORADOR (ID_COLABORADOR,AP_PATERNO,AP_MATERNO,NOMBRES,ROL,TI_DOCUMENTO,NU_DOCUMENTO,USUARIO,PASSWORD) values (43,'ALMEYDA',null,'LOURDE ','1','1','12345720','LALMEYDA','40bd001563085fc35165329ea1ff5c5ecbdbbeef');
Insert into PRODUCTIVIDAD.COLABORADOR (ID_COLABORADOR,AP_PATERNO,AP_MATERNO,NOMBRES,ROL,TI_DOCUMENTO,NU_DOCUMENTO,USUARIO,PASSWORD) values (44,'JAUREGUI',null,'JULISSA ','1','1','12345721','JJAUREGUI','40bd001563085fc35165329ea1ff5c5ecbdbbeef');
Insert into PRODUCTIVIDAD.COLABORADOR (ID_COLABORADOR,AP_PATERNO,AP_MATERNO,NOMBRES,ROL,TI_DOCUMENTO,NU_DOCUMENTO,USUARIO,PASSWORD) values (45,' ESPEJO',null,'WAGNER','1','1','12345722','WESPEJO','40bd001563085fc35165329ea1ff5c5ecbdbbeef');
Insert into PRODUCTIVIDAD.COLABORADOR (ID_COLABORADOR,AP_PATERNO,AP_MATERNO,NOMBRES,ROL,TI_DOCUMENTO,NU_DOCUMENTO,USUARIO,PASSWORD) values (46,'ENDARA',null,'GEANINA ','1','1','12345723','GENDARA','40bd001563085fc35165329ea1ff5c5ecbdbbeef');
Insert into PRODUCTIVIDAD.COLABORADOR (ID_COLABORADOR,AP_PATERNO,AP_MATERNO,NOMBRES,ROL,TI_DOCUMENTO,NU_DOCUMENTO,USUARIO,PASSWORD) values (47,'URBANO',null,'SERGIO ','1','1','12345724','SURBANO','40bd001563085fc35165329ea1ff5c5ecbdbbeef');
Insert into PRODUCTIVIDAD.COLABORADOR (ID_COLABORADOR,AP_PATERNO,AP_MATERNO,NOMBRES,ROL,TI_DOCUMENTO,NU_DOCUMENTO,USUARIO,PASSWORD) values (166,'PEDRO','PEDRO','PEDRO','2','2','11142548','PPEDRO','40bd001563085fc35165329ea1ff5c5ecbdbbeef');

Insert into PRODUCTIVIDAD.COMPONENTE (ID_COMPONENTE,NO_COMPONENTE,IN_CATEGORIA) values (1,'Reporte ','1');
Insert into PRODUCTIVIDAD.COMPONENTE (ID_COMPONENTE,NO_COMPONENTE,IN_CATEGORIA) values (2,'Formulario','2');
Insert into PRODUCTIVIDAD.COMPONENTE (ID_COMPONENTE,NO_COMPONENTE,IN_CATEGORIA) values (3,'Algoritmico','3');

Insert into PRODUCTIVIDAD.HERRAMIENTA (ID_HERRAMIENTA,NO_HERRAMIENTA) values (1,'ECLIPSE');
Insert into PRODUCTIVIDAD.HERRAMIENTA (ID_HERRAMIENTA,NO_HERRAMIENTA) values (2,'VISUAL STUDIO ');
Insert into PRODUCTIVIDAD.HERRAMIENTA (ID_HERRAMIENTA,NO_HERRAMIENTA) values (3,'RPG');
Insert into PRODUCTIVIDAD.HERRAMIENTA (ID_HERRAMIENTA,NO_HERRAMIENTA) values (4,'POWER BUILDER');
Insert into PRODUCTIVIDAD.HERRAMIENTA (ID_HERRAMIENTA,NO_HERRAMIENTA) values (5,'VB. STUDIO');
Insert into PRODUCTIVIDAD.HERRAMIENTA (ID_HERRAMIENTA,NO_HERRAMIENTA) values (6,'SQL');
Insert into PRODUCTIVIDAD.HERRAMIENTA (ID_HERRAMIENTA,NO_HERRAMIENTA) values (7,'NETBEANS');
Insert into PRODUCTIVIDAD.HERRAMIENTA (ID_HERRAMIENTA,NO_HERRAMIENTA) values (8,'VB FOX');
Insert into PRODUCTIVIDAD.HERRAMIENTA (ID_HERRAMIENTA,NO_HERRAMIENTA) values (9,'EDITOR LN4');
Insert into PRODUCTIVIDAD.HERRAMIENTA (ID_HERRAMIENTA,NO_HERRAMIENTA) values (10,'SAP BASIS');
Insert into PRODUCTIVIDAD.HERRAMIENTA (ID_HERRAMIENTA,NO_HERRAMIENTA) values (11,'COBOL');
Insert into PRODUCTIVIDAD.HERRAMIENTA (ID_HERRAMIENTA,NO_HERRAMIENTA) values (12,'AS400');
Insert into PRODUCTIVIDAD.HERRAMIENTA (ID_HERRAMIENTA,NO_HERRAMIENTA) values (13,'JDEVELOPER');

Insert into PRODUCTIVIDAD.LENGUAJE (ID_LENGUAJE,IN_TIPO,NO_LENGUAJE) values (1,'1','JAVA');
Insert into PRODUCTIVIDAD.LENGUAJE (ID_LENGUAJE,IN_TIPO,NO_LENGUAJE) values (2,'1','NET');
Insert into PRODUCTIVIDAD.LENGUAJE (ID_LENGUAJE,IN_TIPO,NO_LENGUAJE) values (3,'1','COBOL');
Insert into PRODUCTIVIDAD.LENGUAJE (ID_LENGUAJE,IN_TIPO,NO_LENGUAJE) values (4,'1','VISUAL BASIC .NET');
Insert into PRODUCTIVIDAD.LENGUAJE (ID_LENGUAJE,IN_TIPO,NO_LENGUAJE) values (5,'1','VB.NET');
Insert into PRODUCTIVIDAD.LENGUAJE (ID_LENGUAJE,IN_TIPO,NO_LENGUAJE) values (6,'1','VISUAL BASIC');
Insert into PRODUCTIVIDAD.LENGUAJE (ID_LENGUAJE,IN_TIPO,NO_LENGUAJE) values (7,'1','VB .NET');
Insert into PRODUCTIVIDAD.LENGUAJE (ID_LENGUAJE,IN_TIPO,NO_LENGUAJE) values (8,'1','C#');
Insert into PRODUCTIVIDAD.LENGUAJE (ID_LENGUAJE,IN_TIPO,NO_LENGUAJE) values (9,'1','SQL');
Insert into PRODUCTIVIDAD.LENGUAJE (ID_LENGUAJE,IN_TIPO,NO_LENGUAJE) values (10,'1','VB FOX');
Insert into PRODUCTIVIDAD.LENGUAJE (ID_LENGUAJE,IN_TIPO,NO_LENGUAJE) values (11,'1','LN4');
Insert into PRODUCTIVIDAD.LENGUAJE (ID_LENGUAJE,IN_TIPO,NO_LENGUAJE) values (12,'1','ABAP');
Insert into PRODUCTIVIDAD.LENGUAJE (ID_LENGUAJE,IN_TIPO,NO_LENGUAJE) values (13,'1','COBOL/RPG');
Insert into PRODUCTIVIDAD.LENGUAJE (ID_LENGUAJE,IN_TIPO,NO_LENGUAJE) values (14,'1','RPG');
Insert into PRODUCTIVIDAD.LENGUAJE (ID_LENGUAJE,IN_TIPO,NO_LENGUAJE) values (15,'1','RPG(COBOL)');
Insert into PRODUCTIVIDAD.LENGUAJE (ID_LENGUAJE,IN_TIPO,NO_LENGUAJE) values (16,'1','POWER BUILDER');

Insert into PRODUCTIVIDAD.PARAMETRO (ID_PARAMETRO,TI_PARAMETRO,VL_PARAMETRO,TX_DETALLE) values ('1','TI_DOCU','1','DNI');
Insert into PRODUCTIVIDAD.PARAMETRO (ID_PARAMETRO,TI_PARAMETRO,VL_PARAMETRO,TX_DETALLE) values ('2','TI_DOCU','2','Carnet de Extranjeria');
Insert into PRODUCTIVIDAD.PARAMETRO (ID_PARAMETRO,TI_PARAMETRO,VL_PARAMETRO,TX_DETALLE) values ('3','CO_ROL','1','Analista Programador');
Insert into PRODUCTIVIDAD.PARAMETRO (ID_PARAMETRO,TI_PARAMETRO,VL_PARAMETRO,TX_DETALLE) values ('4','CO_ROL','2','Analista Funcional');
Insert into PRODUCTIVIDAD.PARAMETRO (ID_PARAMETRO,TI_PARAMETRO,VL_PARAMETRO,TX_DETALLE) values ('5','TI_LENG','1','Desarrollo');
Insert into PRODUCTIVIDAD.PARAMETRO (ID_PARAMETRO,TI_PARAMETRO,VL_PARAMETRO,TX_DETALLE) values ('6','TI_LENG','2','Base de Datos');
Insert into PRODUCTIVIDAD.PARAMETRO (ID_PARAMETRO,TI_PARAMETRO,VL_PARAMETRO,TX_DETALLE) values ('7','TI_LENG','3','Otro');
Insert into PRODUCTIVIDAD.PARAMETRO (ID_PARAMETRO,TI_PARAMETRO,VL_PARAMETRO,TX_DETALLE) values ('8','CA_COMP','1','Reportes');
Insert into PRODUCTIVIDAD.PARAMETRO (ID_PARAMETRO,TI_PARAMETRO,VL_PARAMETRO,TX_DETALLE) values ('9','CA_COMP','2','Diseño');
Insert into PRODUCTIVIDAD.PARAMETRO (ID_PARAMETRO,TI_PARAMETRO,VL_PARAMETRO,TX_DETALLE) values ('10','CA_COMP','3','Pensamiento.. xD');
Insert into PRODUCTIVIDAD.PARAMETRO (ID_PARAMETRO,TI_PARAMETRO,VL_PARAMETRO,TX_DETALLE) values ('11','TI_ACTV','1','Desarrollo');
Insert into PRODUCTIVIDAD.PARAMETRO (ID_PARAMETRO,TI_PARAMETRO,VL_PARAMETRO,TX_DETALLE) values ('12','TI_ACTV','2','Negocio');
Insert into PRODUCTIVIDAD.PARAMETRO (ID_PARAMETRO,TI_PARAMETRO,VL_PARAMETRO,TX_DETALLE) values ('13','IN_ESTA','0','No tiene Estandar');
Insert into PRODUCTIVIDAD.PARAMETRO (ID_PARAMETRO,TI_PARAMETRO,VL_PARAMETRO,TX_DETALLE) values ('14','IN_ESTA','1','Tiene Estandar');
Insert into PRODUCTIVIDAD.PARAMETRO (ID_PARAMETRO,TI_PARAMETRO,VL_PARAMETRO,TX_DETALLE) values ('15','IN_COMP','1','Alta');
Insert into PRODUCTIVIDAD.PARAMETRO (ID_PARAMETRO,TI_PARAMETRO,VL_PARAMETRO,TX_DETALLE) values ('16','IN_COMP','2','Media');
Insert into PRODUCTIVIDAD.PARAMETRO (ID_PARAMETRO,TI_PARAMETRO,VL_PARAMETRO,TX_DETALLE) values ('17','IN_COMP','3','Baja');
Insert into PRODUCTIVIDAD.PARAMETRO (ID_PARAMETRO,TI_PARAMETRO,VL_PARAMETRO,TX_DETALLE) values ('18','TI_PROC','1','Desarrollo');
Insert into PRODUCTIVIDAD.PARAMETRO (ID_PARAMETRO,TI_PARAMETRO,VL_PARAMETRO,TX_DETALLE) values ('19','TI_PROC','2','Mantenimiento');
Insert into PRODUCTIVIDAD.PARAMETRO (ID_PARAMETRO,TI_PARAMETRO,VL_PARAMETRO,TX_DETALLE) values ('20','TI_TAREA','1','Modificacion');
Insert into PRODUCTIVIDAD.PARAMETRO (ID_PARAMETRO,TI_PARAMETRO,VL_PARAMETRO,TX_DETALLE) values ('21','TI_TAREA','2','Creacion');
Insert into PRODUCTIVIDAD.PARAMETRO (ID_PARAMETRO,TI_PARAMETRO,VL_PARAMETRO,TX_DETALLE) values ('22','ST_CONS','1','Iniciado');
Insert into PRODUCTIVIDAD.PARAMETRO (ID_PARAMETRO,TI_PARAMETRO,VL_PARAMETRO,TX_DETALLE) values ('23','ST_CONS','2','En Proceso');
Insert into PRODUCTIVIDAD.PARAMETRO (ID_PARAMETRO,TI_PARAMETRO,VL_PARAMETRO,TX_DETALLE) values ('24','ST_CONS','3','Finalizado');
Insert into PRODUCTIVIDAD.PARAMETRO (ID_PARAMETRO,TI_PARAMETRO,VL_PARAMETRO,TX_DETALLE) values ('25','ST_TEST','1','Iniciado');
Insert into PRODUCTIVIDAD.PARAMETRO (ID_PARAMETRO,TI_PARAMETRO,VL_PARAMETRO,TX_DETALLE) values ('26','ST_TEST','2','En proceso');
Insert into PRODUCTIVIDAD.PARAMETRO (ID_PARAMETRO,TI_PARAMETRO,VL_PARAMETRO,TX_DETALLE) values ('27','ST_TEST','3','Finalizado');
Insert into PRODUCTIVIDAD.PARAMETRO (ID_PARAMETRO,TI_PARAMETRO,VL_PARAMETRO,TX_DETALLE) values ('28','IN_RETR','1','Retrabajo');
Insert into PRODUCTIVIDAD.PARAMETRO (ID_PARAMETRO,TI_PARAMETRO,VL_PARAMETRO,TX_DETALLE) values ('29','IN_RETR','0','Default');
Insert into PRODUCTIVIDAD.PARAMETRO (ID_PARAMETRO,TI_PARAMETRO,VL_PARAMETRO,TX_DETALLE) values ('30','ST_ASI_MOV','ASIG','Asignado');
Insert into PRODUCTIVIDAD.PARAMETRO (ID_PARAMETRO,TI_PARAMETRO,VL_PARAMETRO,TX_DETALLE) values ('31','ST_ASI_MOV','ASIG_TOM','En proceso(Inicial)');
Insert into PRODUCTIVIDAD.PARAMETRO (ID_PARAMETRO,TI_PARAMETRO,VL_PARAMETRO,TX_DETALLE) values ('32','ST_ASI_MOV','DESA_FIN','En revision');
Insert into PRODUCTIVIDAD.PARAMETRO (ID_PARAMETRO,TI_PARAMETRO,VL_PARAMETRO,TX_DETALLE) values ('33','ST_ASI_MOV','FINA','Finalizado');
Insert into PRODUCTIVIDAD.PARAMETRO (ID_PARAMETRO,TI_PARAMETRO,VL_PARAMETRO,TX_DETALLE) values ('34','ST_ASI_MOV','RETR','Revisado con Retrabajo');
Insert into PRODUCTIVIDAD.PARAMETRO (ID_PARAMETRO,TI_PARAMETRO,VL_PARAMETRO,TX_DETALLE) values ('35','ST_ASI_MOV','RETR_TOM','En proceso(Retrabajo)');
Insert into PRODUCTIVIDAD.PARAMETRO (ID_PARAMETRO,TI_PARAMETRO,VL_PARAMETRO,TX_DETALLE) values ('36','ST_ASI_MOV','AJUS','Revisado con ajustes');
Insert into PRODUCTIVIDAD.PARAMETRO (ID_PARAMETRO,TI_PARAMETRO,VL_PARAMETRO,TX_DETALLE) values ('37','ST_ASI_MOV','AJUS_TOM','En proceso(Ajuste)');

Insert into PRODUCTIVIDAD.PROYECTO (ID_PROYECTO,NO_PROYECTO) values (1,'PROYECTO');
Insert into PRODUCTIVIDAD.PROYECTO (ID_PROYECTO,NO_PROYECTO) values (2,'MEF');
Insert into PRODUCTIVIDAD.PROYECTO (ID_PROYECTO,NO_PROYECTO) values (3,'INTEGRA');
Insert into PRODUCTIVIDAD.PROYECTO (ID_PROYECTO,NO_PROYECTO) values (4,'META4');
Insert into PRODUCTIVIDAD.PROYECTO (ID_PROYECTO,NO_PROYECTO) values (5,'MASTERCARD');
Insert into PRODUCTIVIDAD.PROYECTO (ID_PROYECTO,NO_PROYECTO) values (6,'LA POSITIVA');
Insert into PRODUCTIVIDAD.PROYECTO (ID_PROYECTO,NO_PROYECTO) values (7,'DYM');

Insert into PRODUCTIVIDAD.TECNOLOGIA (ID_TECNOLOGIA,ID_LENGUAJE,IN_ESTANDAR,NO_TECNOLOGIA) values (1,1,'1','IBATIS');
Insert into PRODUCTIVIDAD.TECNOLOGIA (ID_TECNOLOGIA,ID_LENGUAJE,IN_ESTANDAR,NO_TECNOLOGIA) values (2,1,'1','JPA');
Insert into PRODUCTIVIDAD.TECNOLOGIA (ID_TECNOLOGIA,ID_LENGUAJE,IN_ESTANDAR,NO_TECNOLOGIA) values (3,1,'1','DJANGO');
Insert into PRODUCTIVIDAD.TECNOLOGIA (ID_TECNOLOGIA,ID_LENGUAJE,IN_ESTANDAR,NO_TECNOLOGIA) values (4,1,'1','PYNUM');
Insert into PRODUCTIVIDAD.TECNOLOGIA (ID_TECNOLOGIA,ID_LENGUAJE,IN_ESTANDAR,NO_TECNOLOGIA) values (5,1,'1','ORACLE FORMS');
Insert into PRODUCTIVIDAD.TECNOLOGIA (ID_TECNOLOGIA,ID_LENGUAJE,IN_ESTANDAR,NO_TECNOLOGIA) values (6,1,'1','SPRING');
Insert into PRODUCTIVIDAD.TECNOLOGIA (ID_TECNOLOGIA,ID_LENGUAJE,IN_ESTANDAR,NO_TECNOLOGIA) values (7,2,'1','IBATIS');
Insert into PRODUCTIVIDAD.TECNOLOGIA (ID_TECNOLOGIA,ID_LENGUAJE,IN_ESTANDAR,NO_TECNOLOGIA) values (8,2,'1','JPA');
Insert into PRODUCTIVIDAD.TECNOLOGIA (ID_TECNOLOGIA,ID_LENGUAJE,IN_ESTANDAR,NO_TECNOLOGIA) values (9,2,'1','DJANGO');
Insert into PRODUCTIVIDAD.TECNOLOGIA (ID_TECNOLOGIA,ID_LENGUAJE,IN_ESTANDAR,NO_TECNOLOGIA) values (10,2,'1','PYNUM');
Insert into PRODUCTIVIDAD.TECNOLOGIA (ID_TECNOLOGIA,ID_LENGUAJE,IN_ESTANDAR,NO_TECNOLOGIA) values (11,2,'1','ORACLE FORMS');
Insert into PRODUCTIVIDAD.TECNOLOGIA (ID_TECNOLOGIA,ID_LENGUAJE,IN_ESTANDAR,NO_TECNOLOGIA) values (12,2,'1','SPRING');
Insert into PRODUCTIVIDAD.TECNOLOGIA (ID_TECNOLOGIA,ID_LENGUAJE,IN_ESTANDAR,NO_TECNOLOGIA) values (13,3,'1','IBATIS');
Insert into PRODUCTIVIDAD.TECNOLOGIA (ID_TECNOLOGIA,ID_LENGUAJE,IN_ESTANDAR,NO_TECNOLOGIA) values (14,3,'1','JPA');
Insert into PRODUCTIVIDAD.TECNOLOGIA (ID_TECNOLOGIA,ID_LENGUAJE,IN_ESTANDAR,NO_TECNOLOGIA) values (15,3,'1','DJANGO');
Insert into PRODUCTIVIDAD.TECNOLOGIA (ID_TECNOLOGIA,ID_LENGUAJE,IN_ESTANDAR,NO_TECNOLOGIA) values (16,3,'1','PYNUM');
Insert into PRODUCTIVIDAD.TECNOLOGIA (ID_TECNOLOGIA,ID_LENGUAJE,IN_ESTANDAR,NO_TECNOLOGIA) values (17,3,'1','ORACLE FORMS');
Insert into PRODUCTIVIDAD.TECNOLOGIA (ID_TECNOLOGIA,ID_LENGUAJE,IN_ESTANDAR,NO_TECNOLOGIA) values (18,3,'1','SPRING');
Insert into PRODUCTIVIDAD.TECNOLOGIA (ID_TECNOLOGIA,ID_LENGUAJE,IN_ESTANDAR,NO_TECNOLOGIA) values (19,4,'1','IBATIS');
Insert into PRODUCTIVIDAD.TECNOLOGIA (ID_TECNOLOGIA,ID_LENGUAJE,IN_ESTANDAR,NO_TECNOLOGIA) values (20,4,'1','JPA');
Insert into PRODUCTIVIDAD.TECNOLOGIA (ID_TECNOLOGIA,ID_LENGUAJE,IN_ESTANDAR,NO_TECNOLOGIA) values (21,4,'1','DJANGO');
Insert into PRODUCTIVIDAD.TECNOLOGIA (ID_TECNOLOGIA,ID_LENGUAJE,IN_ESTANDAR,NO_TECNOLOGIA) values (22,4,'1','PYNUM');
Insert into PRODUCTIVIDAD.TECNOLOGIA (ID_TECNOLOGIA,ID_LENGUAJE,IN_ESTANDAR,NO_TECNOLOGIA) values (23,4,'1','ORACLE FORMS');
Insert into PRODUCTIVIDAD.TECNOLOGIA (ID_TECNOLOGIA,ID_LENGUAJE,IN_ESTANDAR,NO_TECNOLOGIA) values (24,4,'1','SPRING');
Insert into PRODUCTIVIDAD.TECNOLOGIA (ID_TECNOLOGIA,ID_LENGUAJE,IN_ESTANDAR,NO_TECNOLOGIA) values (25,5,'1','IBATIS');
Insert into PRODUCTIVIDAD.TECNOLOGIA (ID_TECNOLOGIA,ID_LENGUAJE,IN_ESTANDAR,NO_TECNOLOGIA) values (26,5,'1','JPA');
Insert into PRODUCTIVIDAD.TECNOLOGIA (ID_TECNOLOGIA,ID_LENGUAJE,IN_ESTANDAR,NO_TECNOLOGIA) values (27,5,'1','DJANGO');
Insert into PRODUCTIVIDAD.TECNOLOGIA (ID_TECNOLOGIA,ID_LENGUAJE,IN_ESTANDAR,NO_TECNOLOGIA) values (28,5,'1','PYNUM');
Insert into PRODUCTIVIDAD.TECNOLOGIA (ID_TECNOLOGIA,ID_LENGUAJE,IN_ESTANDAR,NO_TECNOLOGIA) values (29,5,'1','ORACLE FORMS');
Insert into PRODUCTIVIDAD.TECNOLOGIA (ID_TECNOLOGIA,ID_LENGUAJE,IN_ESTANDAR,NO_TECNOLOGIA) values (30,5,'1','SPRING');
Insert into PRODUCTIVIDAD.TECNOLOGIA (ID_TECNOLOGIA,ID_LENGUAJE,IN_ESTANDAR,NO_TECNOLOGIA) values (31,6,'1','IBATIS');
Insert into PRODUCTIVIDAD.TECNOLOGIA (ID_TECNOLOGIA,ID_LENGUAJE,IN_ESTANDAR,NO_TECNOLOGIA) values (32,6,'1','JPA');
Insert into PRODUCTIVIDAD.TECNOLOGIA (ID_TECNOLOGIA,ID_LENGUAJE,IN_ESTANDAR,NO_TECNOLOGIA) values (33,6,'1','DJANGO');
Insert into PRODUCTIVIDAD.TECNOLOGIA (ID_TECNOLOGIA,ID_LENGUAJE,IN_ESTANDAR,NO_TECNOLOGIA) values (34,6,'1','PYNUM');
Insert into PRODUCTIVIDAD.TECNOLOGIA (ID_TECNOLOGIA,ID_LENGUAJE,IN_ESTANDAR,NO_TECNOLOGIA) values (35,6,'1','ORACLE FORMS');
Insert into PRODUCTIVIDAD.TECNOLOGIA (ID_TECNOLOGIA,ID_LENGUAJE,IN_ESTANDAR,NO_TECNOLOGIA) values (36,6,'1','SPRING');
Insert into PRODUCTIVIDAD.TECNOLOGIA (ID_TECNOLOGIA,ID_LENGUAJE,IN_ESTANDAR,NO_TECNOLOGIA) values (37,7,'1','IBATIS');
Insert into PRODUCTIVIDAD.TECNOLOGIA (ID_TECNOLOGIA,ID_LENGUAJE,IN_ESTANDAR,NO_TECNOLOGIA) values (38,7,'1','JPA');
Insert into PRODUCTIVIDAD.TECNOLOGIA (ID_TECNOLOGIA,ID_LENGUAJE,IN_ESTANDAR,NO_TECNOLOGIA) values (39,7,'1','DJANGO');
Insert into PRODUCTIVIDAD.TECNOLOGIA (ID_TECNOLOGIA,ID_LENGUAJE,IN_ESTANDAR,NO_TECNOLOGIA) values (40,7,'1','PYNUM');
Insert into PRODUCTIVIDAD.TECNOLOGIA (ID_TECNOLOGIA,ID_LENGUAJE,IN_ESTANDAR,NO_TECNOLOGIA) values (41,7,'1','ORACLE FORMS');
Insert into PRODUCTIVIDAD.TECNOLOGIA (ID_TECNOLOGIA,ID_LENGUAJE,IN_ESTANDAR,NO_TECNOLOGIA) values (42,7,'1','SPRING');
Insert into PRODUCTIVIDAD.TECNOLOGIA (ID_TECNOLOGIA,ID_LENGUAJE,IN_ESTANDAR,NO_TECNOLOGIA) values (43,8,'1','IBATIS');
Insert into PRODUCTIVIDAD.TECNOLOGIA (ID_TECNOLOGIA,ID_LENGUAJE,IN_ESTANDAR,NO_TECNOLOGIA) values (44,8,'1','JPA');
Insert into PRODUCTIVIDAD.TECNOLOGIA (ID_TECNOLOGIA,ID_LENGUAJE,IN_ESTANDAR,NO_TECNOLOGIA) values (45,8,'1','DJANGO');
Insert into PRODUCTIVIDAD.TECNOLOGIA (ID_TECNOLOGIA,ID_LENGUAJE,IN_ESTANDAR,NO_TECNOLOGIA) values (46,8,'1','PYNUM');
Insert into PRODUCTIVIDAD.TECNOLOGIA (ID_TECNOLOGIA,ID_LENGUAJE,IN_ESTANDAR,NO_TECNOLOGIA) values (47,8,'1','ORACLE FORMS');
Insert into PRODUCTIVIDAD.TECNOLOGIA (ID_TECNOLOGIA,ID_LENGUAJE,IN_ESTANDAR,NO_TECNOLOGIA) values (48,8,'1','SPRING');
Insert into PRODUCTIVIDAD.TECNOLOGIA (ID_TECNOLOGIA,ID_LENGUAJE,IN_ESTANDAR,NO_TECNOLOGIA) values (49,9,'1','IBATIS');
Insert into PRODUCTIVIDAD.TECNOLOGIA (ID_TECNOLOGIA,ID_LENGUAJE,IN_ESTANDAR,NO_TECNOLOGIA) values (50,9,'1','JPA');
Insert into PRODUCTIVIDAD.TECNOLOGIA (ID_TECNOLOGIA,ID_LENGUAJE,IN_ESTANDAR,NO_TECNOLOGIA) values (51,9,'1','DJANGO');
Insert into PRODUCTIVIDAD.TECNOLOGIA (ID_TECNOLOGIA,ID_LENGUAJE,IN_ESTANDAR,NO_TECNOLOGIA) values (52,9,'1','PYNUM');
Insert into PRODUCTIVIDAD.TECNOLOGIA (ID_TECNOLOGIA,ID_LENGUAJE,IN_ESTANDAR,NO_TECNOLOGIA) values (53,9,'1','ORACLE FORMS');
Insert into PRODUCTIVIDAD.TECNOLOGIA (ID_TECNOLOGIA,ID_LENGUAJE,IN_ESTANDAR,NO_TECNOLOGIA) values (54,9,'1','SPRING');
Insert into PRODUCTIVIDAD.TECNOLOGIA (ID_TECNOLOGIA,ID_LENGUAJE,IN_ESTANDAR,NO_TECNOLOGIA) values (55,10,'1','IBATIS');
Insert into PRODUCTIVIDAD.TECNOLOGIA (ID_TECNOLOGIA,ID_LENGUAJE,IN_ESTANDAR,NO_TECNOLOGIA) values (56,10,'1','JPA');
Insert into PRODUCTIVIDAD.TECNOLOGIA (ID_TECNOLOGIA,ID_LENGUAJE,IN_ESTANDAR,NO_TECNOLOGIA) values (57,10,'1','DJANGO');
Insert into PRODUCTIVIDAD.TECNOLOGIA (ID_TECNOLOGIA,ID_LENGUAJE,IN_ESTANDAR,NO_TECNOLOGIA) values (58,10,'1','PYNUM');
Insert into PRODUCTIVIDAD.TECNOLOGIA (ID_TECNOLOGIA,ID_LENGUAJE,IN_ESTANDAR,NO_TECNOLOGIA) values (59,10,'1','ORACLE FORMS');
Insert into PRODUCTIVIDAD.TECNOLOGIA (ID_TECNOLOGIA,ID_LENGUAJE,IN_ESTANDAR,NO_TECNOLOGIA) values (60,10,'1','SPRING');
Insert into PRODUCTIVIDAD.TECNOLOGIA (ID_TECNOLOGIA,ID_LENGUAJE,IN_ESTANDAR,NO_TECNOLOGIA) values (61,11,'1','IBATIS');
Insert into PRODUCTIVIDAD.TECNOLOGIA (ID_TECNOLOGIA,ID_LENGUAJE,IN_ESTANDAR,NO_TECNOLOGIA) values (62,11,'1','JPA');
Insert into PRODUCTIVIDAD.TECNOLOGIA (ID_TECNOLOGIA,ID_LENGUAJE,IN_ESTANDAR,NO_TECNOLOGIA) values (63,11,'1','DJANGO');
Insert into PRODUCTIVIDAD.TECNOLOGIA (ID_TECNOLOGIA,ID_LENGUAJE,IN_ESTANDAR,NO_TECNOLOGIA) values (64,11,'1','PYNUM');
Insert into PRODUCTIVIDAD.TECNOLOGIA (ID_TECNOLOGIA,ID_LENGUAJE,IN_ESTANDAR,NO_TECNOLOGIA) values (65,11,'1','ORACLE FORMS');
Insert into PRODUCTIVIDAD.TECNOLOGIA (ID_TECNOLOGIA,ID_LENGUAJE,IN_ESTANDAR,NO_TECNOLOGIA) values (66,11,'1','SPRING');
Insert into PRODUCTIVIDAD.TECNOLOGIA (ID_TECNOLOGIA,ID_LENGUAJE,IN_ESTANDAR,NO_TECNOLOGIA) values (67,12,'1','IBATIS');
Insert into PRODUCTIVIDAD.TECNOLOGIA (ID_TECNOLOGIA,ID_LENGUAJE,IN_ESTANDAR,NO_TECNOLOGIA) values (68,12,'1','JPA');
Insert into PRODUCTIVIDAD.TECNOLOGIA (ID_TECNOLOGIA,ID_LENGUAJE,IN_ESTANDAR,NO_TECNOLOGIA) values (69,12,'1','DJANGO');
Insert into PRODUCTIVIDAD.TECNOLOGIA (ID_TECNOLOGIA,ID_LENGUAJE,IN_ESTANDAR,NO_TECNOLOGIA) values (70,12,'1','PYNUM');
Insert into PRODUCTIVIDAD.TECNOLOGIA (ID_TECNOLOGIA,ID_LENGUAJE,IN_ESTANDAR,NO_TECNOLOGIA) values (71,12,'1','ORACLE FORMS');
Insert into PRODUCTIVIDAD.TECNOLOGIA (ID_TECNOLOGIA,ID_LENGUAJE,IN_ESTANDAR,NO_TECNOLOGIA) values (72,12,'1','SPRING');
Insert into PRODUCTIVIDAD.TECNOLOGIA (ID_TECNOLOGIA,ID_LENGUAJE,IN_ESTANDAR,NO_TECNOLOGIA) values (73,13,'1','IBATIS');
Insert into PRODUCTIVIDAD.TECNOLOGIA (ID_TECNOLOGIA,ID_LENGUAJE,IN_ESTANDAR,NO_TECNOLOGIA) values (74,13,'1','JPA');
Insert into PRODUCTIVIDAD.TECNOLOGIA (ID_TECNOLOGIA,ID_LENGUAJE,IN_ESTANDAR,NO_TECNOLOGIA) values (75,13,'1','DJANGO');
Insert into PRODUCTIVIDAD.TECNOLOGIA (ID_TECNOLOGIA,ID_LENGUAJE,IN_ESTANDAR,NO_TECNOLOGIA) values (76,13,'1','PYNUM');
Insert into PRODUCTIVIDAD.TECNOLOGIA (ID_TECNOLOGIA,ID_LENGUAJE,IN_ESTANDAR,NO_TECNOLOGIA) values (77,13,'1','ORACLE FORMS');
Insert into PRODUCTIVIDAD.TECNOLOGIA (ID_TECNOLOGIA,ID_LENGUAJE,IN_ESTANDAR,NO_TECNOLOGIA) values (78,13,'1','SPRING');
Insert into PRODUCTIVIDAD.TECNOLOGIA (ID_TECNOLOGIA,ID_LENGUAJE,IN_ESTANDAR,NO_TECNOLOGIA) values (79,14,'1','IBATIS');
Insert into PRODUCTIVIDAD.TECNOLOGIA (ID_TECNOLOGIA,ID_LENGUAJE,IN_ESTANDAR,NO_TECNOLOGIA) values (80,14,'1','JPA');
Insert into PRODUCTIVIDAD.TECNOLOGIA (ID_TECNOLOGIA,ID_LENGUAJE,IN_ESTANDAR,NO_TECNOLOGIA) values (81,14,'1','DJANGO');
Insert into PRODUCTIVIDAD.TECNOLOGIA (ID_TECNOLOGIA,ID_LENGUAJE,IN_ESTANDAR,NO_TECNOLOGIA) values (82,14,'1','PYNUM');
Insert into PRODUCTIVIDAD.TECNOLOGIA (ID_TECNOLOGIA,ID_LENGUAJE,IN_ESTANDAR,NO_TECNOLOGIA) values (83,14,'1','ORACLE FORMS');
Insert into PRODUCTIVIDAD.TECNOLOGIA (ID_TECNOLOGIA,ID_LENGUAJE,IN_ESTANDAR,NO_TECNOLOGIA) values (84,14,'1','SPRING');
Insert into PRODUCTIVIDAD.TECNOLOGIA (ID_TECNOLOGIA,ID_LENGUAJE,IN_ESTANDAR,NO_TECNOLOGIA) values (85,15,'1','IBATIS');
Insert into PRODUCTIVIDAD.TECNOLOGIA (ID_TECNOLOGIA,ID_LENGUAJE,IN_ESTANDAR,NO_TECNOLOGIA) values (86,15,'1','JPA');
Insert into PRODUCTIVIDAD.TECNOLOGIA (ID_TECNOLOGIA,ID_LENGUAJE,IN_ESTANDAR,NO_TECNOLOGIA) values (87,15,'1','DJANGO');
Insert into PRODUCTIVIDAD.TECNOLOGIA (ID_TECNOLOGIA,ID_LENGUAJE,IN_ESTANDAR,NO_TECNOLOGIA) values (88,15,'1','PYNUM');
Insert into PRODUCTIVIDAD.TECNOLOGIA (ID_TECNOLOGIA,ID_LENGUAJE,IN_ESTANDAR,NO_TECNOLOGIA) values (89,15,'1','ORACLE FORMS');
Insert into PRODUCTIVIDAD.TECNOLOGIA (ID_TECNOLOGIA,ID_LENGUAJE,IN_ESTANDAR,NO_TECNOLOGIA) values (90,15,'1','SPRING');
Insert into PRODUCTIVIDAD.TECNOLOGIA (ID_TECNOLOGIA,ID_LENGUAJE,IN_ESTANDAR,NO_TECNOLOGIA) values (91,16,'1','IBATIS');
Insert into PRODUCTIVIDAD.TECNOLOGIA (ID_TECNOLOGIA,ID_LENGUAJE,IN_ESTANDAR,NO_TECNOLOGIA) values (92,16,'1','JPA');
Insert into PRODUCTIVIDAD.TECNOLOGIA (ID_TECNOLOGIA,ID_LENGUAJE,IN_ESTANDAR,NO_TECNOLOGIA) values (93,16,'1','DJANGO');
Insert into PRODUCTIVIDAD.TECNOLOGIA (ID_TECNOLOGIA,ID_LENGUAJE,IN_ESTANDAR,NO_TECNOLOGIA) values (94,16,'1','PYNUM');
Insert into PRODUCTIVIDAD.TECNOLOGIA (ID_TECNOLOGIA,ID_LENGUAJE,IN_ESTANDAR,NO_TECNOLOGIA) values (95,16,'1','ORACLE FORMS');
Insert into PRODUCTIVIDAD.TECNOLOGIA (ID_TECNOLOGIA,ID_LENGUAJE,IN_ESTANDAR,NO_TECNOLOGIA) values (96,16,'1','SPRING');

--------------------------------------------------------
--  DDL for Index PK3
--------------------------------------------------------

  CREATE UNIQUE INDEX "PRODUCTIVIDAD"."PK3" ON "PRODUCTIVIDAD"."COMPONENTE" ("ID_COMPONENTE") 
  PCTFREE 10 INITRANS 2 MAXTRANS 255 COMPUTE STATISTICS 
  STORAGE(INITIAL 65536 NEXT 1048576 MINEXTENTS 1 MAXEXTENTS 2147483645
  PCTINCREASE 0 FREELISTS 1 FREELIST GROUPS 1 BUFFER_POOL DEFAULT FLASH_CACHE DEFAULT CELL_FLASH_CACHE DEFAULT)
  TABLESPACE "TBS_PRODUCTIVIDAD_DAT" ;
--------------------------------------------------------
--  DDL for Index PK9
--------------------------------------------------------

  CREATE UNIQUE INDEX "PRODUCTIVIDAD"."PK9" ON "PRODUCTIVIDAD"."LENGUAJE" ("ID_LENGUAJE") 
  PCTFREE 10 INITRANS 2 MAXTRANS 255 COMPUTE STATISTICS 
  STORAGE(INITIAL 65536 NEXT 1048576 MINEXTENTS 1 MAXEXTENTS 2147483645
  PCTINCREASE 0 FREELISTS 1 FREELIST GROUPS 1 BUFFER_POOL DEFAULT FLASH_CACHE DEFAULT CELL_FLASH_CACHE DEFAULT)
  TABLESPACE "TBS_PRODUCTIVIDAD_DAT" ;
--------------------------------------------------------
--  DDL for Index PK10
--------------------------------------------------------

  CREATE UNIQUE INDEX "PRODUCTIVIDAD"."PK10" ON "PRODUCTIVIDAD"."HERRAMIENTA" ("ID_HERRAMIENTA") 
  PCTFREE 10 INITRANS 2 MAXTRANS 255 COMPUTE STATISTICS 
  STORAGE(INITIAL 65536 NEXT 1048576 MINEXTENTS 1 MAXEXTENTS 2147483645
  PCTINCREASE 0 FREELISTS 1 FREELIST GROUPS 1 BUFFER_POOL DEFAULT FLASH_CACHE DEFAULT CELL_FLASH_CACHE DEFAULT)
  TABLESPACE "TBS_PRODUCTIVIDAD_DAT" ;
--------------------------------------------------------
--  DDL for Index PK5
--------------------------------------------------------

  CREATE UNIQUE INDEX "PRODUCTIVIDAD"."PK5" ON "PRODUCTIVIDAD"."TECNOLOGIA" ("ID_TECNOLOGIA") 
  PCTFREE 10 INITRANS 2 MAXTRANS 255 COMPUTE STATISTICS 
  STORAGE(INITIAL 65536 NEXT 1048576 MINEXTENTS 1 MAXEXTENTS 2147483645
  PCTINCREASE 0 FREELISTS 1 FREELIST GROUPS 1 BUFFER_POOL DEFAULT FLASH_CACHE DEFAULT CELL_FLASH_CACHE DEFAULT)
  TABLESPACE "TBS_PRODUCTIVIDAD_DAT" ;
--------------------------------------------------------
--  DDL for Index PK2
--------------------------------------------------------

  CREATE UNIQUE INDEX "PRODUCTIVIDAD"."PK2" ON "PRODUCTIVIDAD"."COLABORADOR" ("ID_COLABORADOR") 
  PCTFREE 10 INITRANS 2 MAXTRANS 255 COMPUTE STATISTICS 
  STORAGE(INITIAL 65536 NEXT 1048576 MINEXTENTS 1 MAXEXTENTS 2147483645
  PCTINCREASE 0 FREELISTS 1 FREELIST GROUPS 1 BUFFER_POOL DEFAULT FLASH_CACHE DEFAULT CELL_FLASH_CACHE DEFAULT)
  TABLESPACE "TBS_PRODUCTIVIDAD_DAT" ;
--------------------------------------------------------
--  DDL for Index PK1
--------------------------------------------------------

  CREATE UNIQUE INDEX "PRODUCTIVIDAD"."PK1" ON "PRODUCTIVIDAD"."PROYECTO" ("ID_PROYECTO") 
  PCTFREE 10 INITRANS 2 MAXTRANS 255 COMPUTE STATISTICS 
  STORAGE(INITIAL 65536 NEXT 1048576 MINEXTENTS 1 MAXEXTENTS 2147483645
  PCTINCREASE 0 FREELISTS 1 FREELIST GROUPS 1 BUFFER_POOL DEFAULT FLASH_CACHE DEFAULT CELL_FLASH_CACHE DEFAULT)
  TABLESPACE "TBS_PRODUCTIVIDAD_DAT" ;
--------------------------------------------------------
--  DDL for Index PK13
--------------------------------------------------------

  CREATE UNIQUE INDEX "PRODUCTIVIDAD"."PK13" ON "PRODUCTIVIDAD"."ACTIVIDAD_COLABORADOR" ("ID_ACTV_COLA") 
  PCTFREE 10 INITRANS 2 MAXTRANS 255 COMPUTE STATISTICS 
  STORAGE(INITIAL 65536 NEXT 1048576 MINEXTENTS 1 MAXEXTENTS 2147483645
  PCTINCREASE 0 FREELISTS 1 FREELIST GROUPS 1 BUFFER_POOL DEFAULT FLASH_CACHE DEFAULT CELL_FLASH_CACHE DEFAULT)
  TABLESPACE "TBS_PRODUCTIVIDAD_DAT" ;
--------------------------------------------------------
--  DDL for Index PK14
--------------------------------------------------------

  CREATE UNIQUE INDEX "PRODUCTIVIDAD"."PK14" ON "PRODUCTIVIDAD"."MOVIMIENTO" ("ID_MOVIMIENTO") 
  PCTFREE 10 INITRANS 2 MAXTRANS 255 COMPUTE STATISTICS 
  STORAGE(INITIAL 65536 NEXT 1048576 MINEXTENTS 1 MAXEXTENTS 2147483645
  PCTINCREASE 0 FREELISTS 1 FREELIST GROUPS 1 BUFFER_POOL DEFAULT FLASH_CACHE DEFAULT CELL_FLASH_CACHE DEFAULT)
  TABLESPACE "TBS_PRODUCTIVIDAD_DAT" ;
--------------------------------------------------------
--  DDL for Index EXP_UNICA
--------------------------------------------------------

  CREATE UNIQUE INDEX "PRODUCTIVIDAD"."EXP_UNICA" ON "PRODUCTIVIDAD"."TECNOLOGIA_COMPONENTE" ("ID_TECNOLOGIA", "ID_COLABORADOR", "ID_HERRAMIENTA") 
  PCTFREE 10 INITRANS 2 MAXTRANS 255 COMPUTE STATISTICS 
  STORAGE(INITIAL 65536 NEXT 1048576 MINEXTENTS 1 MAXEXTENTS 2147483645
  PCTINCREASE 0 FREELISTS 1 FREELIST GROUPS 1 BUFFER_POOL DEFAULT FLASH_CACHE DEFAULT CELL_FLASH_CACHE DEFAULT)
  TABLESPACE "TBS_PRODUCTIVIDAD_DAT" ;
--------------------------------------------------------
--  DDL for Index PK11
--------------------------------------------------------

  CREATE UNIQUE INDEX "PRODUCTIVIDAD"."PK11" ON "PRODUCTIVIDAD"."TECNOLOGIA_COMPONENTE" ("ID_TECN_COMP") 
  PCTFREE 10 INITRANS 2 MAXTRANS 255 COMPUTE STATISTICS 
  STORAGE(INITIAL 65536 NEXT 1048576 MINEXTENTS 1 MAXEXTENTS 2147483645
  PCTINCREASE 0 FREELISTS 1 FREELIST GROUPS 1 BUFFER_POOL DEFAULT FLASH_CACHE DEFAULT CELL_FLASH_CACHE DEFAULT)
  TABLESPACE "TBS_PRODUCTIVIDAD_DAT" ;
--------------------------------------------------------
--  DDL for Index PK4
--------------------------------------------------------

  CREATE UNIQUE INDEX "PRODUCTIVIDAD"."PK4" ON "PRODUCTIVIDAD"."ASIGNACION_TRABAJO" ("ID_ASIGNACION") 
  PCTFREE 10 INITRANS 2 MAXTRANS 255 COMPUTE STATISTICS 
  STORAGE(INITIAL 65536 NEXT 1048576 MINEXTENTS 1 MAXEXTENTS 2147483645
  PCTINCREASE 0 FREELISTS 1 FREELIST GROUPS 1 BUFFER_POOL DEFAULT FLASH_CACHE DEFAULT CELL_FLASH_CACHE DEFAULT)
  TABLESPACE "TBS_PRODUCTIVIDAD_DAT" ;
--------------------------------------------------------
--  DDL for Index PK7
--------------------------------------------------------

  CREATE UNIQUE INDEX "PRODUCTIVIDAD"."PK7" ON "PRODUCTIVIDAD"."PARAMETRO" ("ID_PARAMETRO") 
  PCTFREE 10 INITRANS 2 MAXTRANS 255 COMPUTE STATISTICS 
  STORAGE(INITIAL 65536 NEXT 1048576 MINEXTENTS 1 MAXEXTENTS 2147483645
  PCTINCREASE 0 FREELISTS 1 FREELIST GROUPS 1 BUFFER_POOL DEFAULT FLASH_CACHE DEFAULT CELL_FLASH_CACHE DEFAULT)
  TABLESPACE "TBS_PRODUCTIVIDAD_DAT" ;
--------------------------------------------------------
--  Constraints for Table COLABORADOR
--------------------------------------------------------

  ALTER TABLE "PRODUCTIVIDAD"."COLABORADOR" ADD CONSTRAINT "PK2" PRIMARY KEY ("ID_COLABORADOR")
  USING INDEX PCTFREE 10 INITRANS 2 MAXTRANS 255 COMPUTE STATISTICS 
  STORAGE(INITIAL 65536 NEXT 1048576 MINEXTENTS 1 MAXEXTENTS 2147483645
  PCTINCREASE 0 FREELISTS 1 FREELIST GROUPS 1 BUFFER_POOL DEFAULT FLASH_CACHE DEFAULT CELL_FLASH_CACHE DEFAULT)
  TABLESPACE "TBS_PRODUCTIVIDAD_DAT"  ENABLE;
  ALTER TABLE "PRODUCTIVIDAD"."COLABORADOR" MODIFY ("ID_COLABORADOR" NOT NULL ENABLE);
--------------------------------------------------------
--  Constraints for Table PARAMETRO
--------------------------------------------------------

  ALTER TABLE "PRODUCTIVIDAD"."PARAMETRO" ADD CONSTRAINT "PK7" PRIMARY KEY ("ID_PARAMETRO")
  USING INDEX PCTFREE 10 INITRANS 2 MAXTRANS 255 COMPUTE STATISTICS 
  STORAGE(INITIAL 65536 NEXT 1048576 MINEXTENTS 1 MAXEXTENTS 2147483645
  PCTINCREASE 0 FREELISTS 1 FREELIST GROUPS 1 BUFFER_POOL DEFAULT FLASH_CACHE DEFAULT CELL_FLASH_CACHE DEFAULT)
  TABLESPACE "TBS_PRODUCTIVIDAD_DAT"  ENABLE;
  ALTER TABLE "PRODUCTIVIDAD"."PARAMETRO" MODIFY ("ID_PARAMETRO" NOT NULL ENABLE);
--------------------------------------------------------
--  Constraints for Table PROYECTO
--------------------------------------------------------

  ALTER TABLE "PRODUCTIVIDAD"."PROYECTO" MODIFY ("NO_PROYECTO" NOT NULL ENABLE);
  ALTER TABLE "PRODUCTIVIDAD"."PROYECTO" ADD CONSTRAINT "PK1" PRIMARY KEY ("ID_PROYECTO")
  USING INDEX PCTFREE 10 INITRANS 2 MAXTRANS 255 COMPUTE STATISTICS 
  STORAGE(INITIAL 65536 NEXT 1048576 MINEXTENTS 1 MAXEXTENTS 2147483645
  PCTINCREASE 0 FREELISTS 1 FREELIST GROUPS 1 BUFFER_POOL DEFAULT FLASH_CACHE DEFAULT CELL_FLASH_CACHE DEFAULT)
  TABLESPACE "TBS_PRODUCTIVIDAD_DAT"  ENABLE;
  ALTER TABLE "PRODUCTIVIDAD"."PROYECTO" MODIFY ("ID_PROYECTO" NOT NULL ENABLE);
--------------------------------------------------------
--  Constraints for Table TECNOLOGIA
--------------------------------------------------------

  ALTER TABLE "PRODUCTIVIDAD"."TECNOLOGIA" ADD CONSTRAINT "PK5" PRIMARY KEY ("ID_TECNOLOGIA")
  USING INDEX PCTFREE 10 INITRANS 2 MAXTRANS 255 COMPUTE STATISTICS 
  STORAGE(INITIAL 65536 NEXT 1048576 MINEXTENTS 1 MAXEXTENTS 2147483645
  PCTINCREASE 0 FREELISTS 1 FREELIST GROUPS 1 BUFFER_POOL DEFAULT FLASH_CACHE DEFAULT CELL_FLASH_CACHE DEFAULT)
  TABLESPACE "TBS_PRODUCTIVIDAD_DAT"  ENABLE;
  ALTER TABLE "PRODUCTIVIDAD"."TECNOLOGIA" MODIFY ("ID_LENGUAJE" NOT NULL ENABLE);
  ALTER TABLE "PRODUCTIVIDAD"."TECNOLOGIA" MODIFY ("ID_TECNOLOGIA" NOT NULL ENABLE);
--------------------------------------------------------
--  Constraints for Table TECNOLOGIA_COMPONENTE
--------------------------------------------------------

  ALTER TABLE "PRODUCTIVIDAD"."TECNOLOGIA_COMPONENTE" ADD CONSTRAINT "EXP_UNICA" UNIQUE ("ID_TECNOLOGIA", "ID_COLABORADOR", "ID_HERRAMIENTA")
  USING INDEX PCTFREE 10 INITRANS 2 MAXTRANS 255 COMPUTE STATISTICS 
  STORAGE(INITIAL 65536 NEXT 1048576 MINEXTENTS 1 MAXEXTENTS 2147483645
  PCTINCREASE 0 FREELISTS 1 FREELIST GROUPS 1 BUFFER_POOL DEFAULT FLASH_CACHE DEFAULT CELL_FLASH_CACHE DEFAULT)
  TABLESPACE "TBS_PRODUCTIVIDAD_DAT"  ENABLE;
  ALTER TABLE "PRODUCTIVIDAD"."TECNOLOGIA_COMPONENTE" ADD CONSTRAINT "PK11" PRIMARY KEY ("ID_TECN_COMP")
  USING INDEX PCTFREE 10 INITRANS 2 MAXTRANS 255 COMPUTE STATISTICS 
  STORAGE(INITIAL 65536 NEXT 1048576 MINEXTENTS 1 MAXEXTENTS 2147483645
  PCTINCREASE 0 FREELISTS 1 FREELIST GROUPS 1 BUFFER_POOL DEFAULT FLASH_CACHE DEFAULT CELL_FLASH_CACHE DEFAULT)
  TABLESPACE "TBS_PRODUCTIVIDAD_DAT"  ENABLE;
  ALTER TABLE "PRODUCTIVIDAD"."TECNOLOGIA_COMPONENTE" MODIFY ("ID_HERRAMIENTA" NOT NULL ENABLE);
  ALTER TABLE "PRODUCTIVIDAD"."TECNOLOGIA_COMPONENTE" MODIFY ("ID_COLABORADOR" NOT NULL ENABLE);
  ALTER TABLE "PRODUCTIVIDAD"."TECNOLOGIA_COMPONENTE" MODIFY ("ID_TECNOLOGIA" NOT NULL ENABLE);
  ALTER TABLE "PRODUCTIVIDAD"."TECNOLOGIA_COMPONENTE" MODIFY ("ID_TECN_COMP" NOT NULL ENABLE);
--------------------------------------------------------
--  Constraints for Table MOVIMIENTO
--------------------------------------------------------

  ALTER TABLE "PRODUCTIVIDAD"."MOVIMIENTO" ADD CONSTRAINT "PK14" PRIMARY KEY ("ID_MOVIMIENTO")
  USING INDEX PCTFREE 10 INITRANS 2 MAXTRANS 255 COMPUTE STATISTICS 
  STORAGE(INITIAL 65536 NEXT 1048576 MINEXTENTS 1 MAXEXTENTS 2147483645
  PCTINCREASE 0 FREELISTS 1 FREELIST GROUPS 1 BUFFER_POOL DEFAULT FLASH_CACHE DEFAULT CELL_FLASH_CACHE DEFAULT)
  TABLESPACE "TBS_PRODUCTIVIDAD_DAT"  ENABLE;
  ALTER TABLE "PRODUCTIVIDAD"."MOVIMIENTO" MODIFY ("ID_ASIGNACION" NOT NULL ENABLE);
  ALTER TABLE "PRODUCTIVIDAD"."MOVIMIENTO" MODIFY ("ID_MOVIMIENTO" NOT NULL ENABLE);
--------------------------------------------------------
--  Constraints for Table COMPONENTE
--------------------------------------------------------

  ALTER TABLE "PRODUCTIVIDAD"."COMPONENTE" ADD CONSTRAINT "PK3" PRIMARY KEY ("ID_COMPONENTE")
  USING INDEX PCTFREE 10 INITRANS 2 MAXTRANS 255 COMPUTE STATISTICS 
  STORAGE(INITIAL 65536 NEXT 1048576 MINEXTENTS 1 MAXEXTENTS 2147483645
  PCTINCREASE 0 FREELISTS 1 FREELIST GROUPS 1 BUFFER_POOL DEFAULT FLASH_CACHE DEFAULT CELL_FLASH_CACHE DEFAULT)
  TABLESPACE "TBS_PRODUCTIVIDAD_DAT"  ENABLE;
  ALTER TABLE "PRODUCTIVIDAD"."COMPONENTE" MODIFY ("ID_COMPONENTE" NOT NULL ENABLE);
--------------------------------------------------------
--  Constraints for Table ACTIVIDAD_COLABORADOR
--------------------------------------------------------

  ALTER TABLE "PRODUCTIVIDAD"."ACTIVIDAD_COLABORADOR" ADD CONSTRAINT "PK13" PRIMARY KEY ("ID_ACTV_COLA")
  USING INDEX PCTFREE 10 INITRANS 2 MAXTRANS 255 COMPUTE STATISTICS 
  STORAGE(INITIAL 65536 NEXT 1048576 MINEXTENTS 1 MAXEXTENTS 2147483645
  PCTINCREASE 0 FREELISTS 1 FREELIST GROUPS 1 BUFFER_POOL DEFAULT FLASH_CACHE DEFAULT CELL_FLASH_CACHE DEFAULT)
  TABLESPACE "TBS_PRODUCTIVIDAD_DAT"  ENABLE;
  ALTER TABLE "PRODUCTIVIDAD"."ACTIVIDAD_COLABORADOR" MODIFY ("ID_PROYECTO" NOT NULL ENABLE);
  ALTER TABLE "PRODUCTIVIDAD"."ACTIVIDAD_COLABORADOR" MODIFY ("ID_COLABORADOR" NOT NULL ENABLE);
  ALTER TABLE "PRODUCTIVIDAD"."ACTIVIDAD_COLABORADOR" MODIFY ("ID_ACTV_COLA" NOT NULL ENABLE);
--------------------------------------------------------
--  Constraints for Table LENGUAJE
--------------------------------------------------------

  ALTER TABLE "PRODUCTIVIDAD"."LENGUAJE" ADD CONSTRAINT "PK9" PRIMARY KEY ("ID_LENGUAJE")
  USING INDEX PCTFREE 10 INITRANS 2 MAXTRANS 255 COMPUTE STATISTICS 
  STORAGE(INITIAL 65536 NEXT 1048576 MINEXTENTS 1 MAXEXTENTS 2147483645
  PCTINCREASE 0 FREELISTS 1 FREELIST GROUPS 1 BUFFER_POOL DEFAULT FLASH_CACHE DEFAULT CELL_FLASH_CACHE DEFAULT)
  TABLESPACE "TBS_PRODUCTIVIDAD_DAT"  ENABLE;
  ALTER TABLE "PRODUCTIVIDAD"."LENGUAJE" MODIFY ("ID_LENGUAJE" NOT NULL ENABLE);
--------------------------------------------------------
--  Constraints for Table ASIGNACION_TRABAJO
--------------------------------------------------------

  ALTER TABLE "PRODUCTIVIDAD"."ASIGNACION_TRABAJO" ADD CONSTRAINT "PK4" PRIMARY KEY ("ID_ASIGNACION")
  USING INDEX PCTFREE 10 INITRANS 2 MAXTRANS 255 COMPUTE STATISTICS 
  STORAGE(INITIAL 65536 NEXT 1048576 MINEXTENTS 1 MAXEXTENTS 2147483645
  PCTINCREASE 0 FREELISTS 1 FREELIST GROUPS 1 BUFFER_POOL DEFAULT FLASH_CACHE DEFAULT CELL_FLASH_CACHE DEFAULT)
  TABLESPACE "TBS_PRODUCTIVIDAD_DAT"  ENABLE;
  ALTER TABLE "PRODUCTIVIDAD"."ASIGNACION_TRABAJO" MODIFY ("ID_HERRAMIENTA" NOT NULL ENABLE);
  ALTER TABLE "PRODUCTIVIDAD"."ASIGNACION_TRABAJO" MODIFY ("ID_COMPONENTE" NOT NULL ENABLE);
  ALTER TABLE "PRODUCTIVIDAD"."ASIGNACION_TRABAJO" MODIFY ("ID_TECNOLOGIA" NOT NULL ENABLE);
  ALTER TABLE "PRODUCTIVIDAD"."ASIGNACION_TRABAJO" MODIFY ("ID_COLABORADOR" NOT NULL ENABLE);
  ALTER TABLE "PRODUCTIVIDAD"."ASIGNACION_TRABAJO" MODIFY ("ID_ASIGNACION" NOT NULL ENABLE);
--------------------------------------------------------
--  Constraints for Table HERRAMIENTA
--------------------------------------------------------

  ALTER TABLE "PRODUCTIVIDAD"."HERRAMIENTA" ADD CONSTRAINT "PK10" PRIMARY KEY ("ID_HERRAMIENTA")
  USING INDEX PCTFREE 10 INITRANS 2 MAXTRANS 255 COMPUTE STATISTICS 
  STORAGE(INITIAL 65536 NEXT 1048576 MINEXTENTS 1 MAXEXTENTS 2147483645
  PCTINCREASE 0 FREELISTS 1 FREELIST GROUPS 1 BUFFER_POOL DEFAULT FLASH_CACHE DEFAULT CELL_FLASH_CACHE DEFAULT)
  TABLESPACE "TBS_PRODUCTIVIDAD_DAT"  ENABLE;
  ALTER TABLE "PRODUCTIVIDAD"."HERRAMIENTA" MODIFY ("ID_HERRAMIENTA" NOT NULL ENABLE);
--------------------------------------------------------
--  Ref Constraints for Table ACTIVIDAD_COLABORADOR
--------------------------------------------------------

  ALTER TABLE "PRODUCTIVIDAD"."ACTIVIDAD_COLABORADOR" ADD CONSTRAINT "FK_PRUEBA" FOREIGN KEY ("ID_PROYECTO")
    REFERENCES "PRODUCTIVIDAD"."PROYECTO" ("ID_PROYECTO") ENABLE;
  ALTER TABLE "PRODUCTIVIDAD"."ACTIVIDAD_COLABORADOR" ADD CONSTRAINT "REFCOLABORADOR21" FOREIGN KEY ("ID_COLABORADOR")
    REFERENCES "PRODUCTIVIDAD"."COLABORADOR" ("ID_COLABORADOR") ENABLE;
--------------------------------------------------------
--  Ref Constraints for Table ASIGNACION_TRABAJO
--------------------------------------------------------

  ALTER TABLE "PRODUCTIVIDAD"."ASIGNACION_TRABAJO" ADD CONSTRAINT "REFCOLABORADOR5" FOREIGN KEY ("ID_COLABORADOR")
    REFERENCES "PRODUCTIVIDAD"."COLABORADOR" ("ID_COLABORADOR") ENABLE;
  ALTER TABLE "PRODUCTIVIDAD"."ASIGNACION_TRABAJO" ADD CONSTRAINT "REFCOMPONENTE17" FOREIGN KEY ("ID_COMPONENTE")
    REFERENCES "PRODUCTIVIDAD"."COMPONENTE" ("ID_COMPONENTE") ENABLE;
  ALTER TABLE "PRODUCTIVIDAD"."ASIGNACION_TRABAJO" ADD CONSTRAINT "REFHERRAMIENTA35" FOREIGN KEY ("ID_HERRAMIENTA")
    REFERENCES "PRODUCTIVIDAD"."HERRAMIENTA" ("ID_HERRAMIENTA") ENABLE;
  ALTER TABLE "PRODUCTIVIDAD"."ASIGNACION_TRABAJO" ADD CONSTRAINT "REFTECNOLOGIA34" FOREIGN KEY ("ID_TECNOLOGIA")
    REFERENCES "PRODUCTIVIDAD"."TECNOLOGIA" ("ID_TECNOLOGIA") ENABLE;
--------------------------------------------------------
--  Ref Constraints for Table MOVIMIENTO
--------------------------------------------------------

  ALTER TABLE "PRODUCTIVIDAD"."MOVIMIENTO" ADD CONSTRAINT "REFASIGNACION_TRABAJO40" FOREIGN KEY ("ID_ASIGNACION")
    REFERENCES "PRODUCTIVIDAD"."ASIGNACION_TRABAJO" ("ID_ASIGNACION") ENABLE;
--------------------------------------------------------
--  Ref Constraints for Table TECNOLOGIA
--------------------------------------------------------

  ALTER TABLE "PRODUCTIVIDAD"."TECNOLOGIA" ADD CONSTRAINT "REFLENGUAJE31" FOREIGN KEY ("ID_LENGUAJE")
    REFERENCES "PRODUCTIVIDAD"."LENGUAJE" ("ID_LENGUAJE") ENABLE;
--------------------------------------------------------
--  Ref Constraints for Table TECNOLOGIA_COMPONENTE
--------------------------------------------------------

  ALTER TABLE "PRODUCTIVIDAD"."TECNOLOGIA_COMPONENTE" ADD CONSTRAINT "REFCOLABORADOR18" FOREIGN KEY ("ID_COLABORADOR")
    REFERENCES "PRODUCTIVIDAD"."COLABORADOR" ("ID_COLABORADOR") ENABLE;
  ALTER TABLE "PRODUCTIVIDAD"."TECNOLOGIA_COMPONENTE" ADD CONSTRAINT "REFHERRAMIENTA39" FOREIGN KEY ("ID_HERRAMIENTA")
    REFERENCES "PRODUCTIVIDAD"."HERRAMIENTA" ("ID_HERRAMIENTA") ENABLE;
  ALTER TABLE "PRODUCTIVIDAD"."TECNOLOGIA_COMPONENTE" ADD CONSTRAINT "REFTECNOLOGIA15" FOREIGN KEY ("ID_TECNOLOGIA")
    REFERENCES "PRODUCTIVIDAD"."TECNOLOGIA" ("ID_TECNOLOGIA") ENABLE;
